{
    "proxy": "sphere-set",
    "spheres": [
        {
            "center": [
                -0.0004028326948173344,
                0.6271188259124756,
                0.002038270700722933
            ],
            "radius": 0.23812194331354952,
            "sh": {
                "L00": [
                    0.013209824450314045,
                    0.31320178508758545,
                    1.053000569343567
                ],
                "L10": [
                    0.00045281436177901924,
                    -0.0007926996913738549,
                    0.00016446411609649658
                ],
                "L11": [
                    0.0005312600987963378,
                    -0.0002549148921389133,
                    0.003434370271861553
                ],
                "L1_1": [
                    -0.014456460252404213,
                    0.06153442710638046,
                    0.2428017109632492
                ],
                "L20": [
                    -0.004508626647293568,
                    0.027208354324102402,
                    0.10921981930732727
                ],
                "L21": [
                    0.00039014985668472946,
                    0.0012890772195532918,
                    -0.0013668943429365754
                ],
                "L22": [
                    -0.007528441958129406,
                    0.05033939331769943,
                    0.19734251499176025
                ],
                "L2_1": [
                    -0.0008104799198918045,
                    -0.0005496678058989346,
                    0.0023368613328784704
                ],
                "L2_2": [
                    -0.0010810222011059523,
                    0.0030488651245832443,
                    0.0037677697837352753
                ]
            }
        },
        {
            "center": [
                -1.370024307334461e-07,
                0.2646048069000244,
                4.0846988014209273e-08
            ],
            "radius": 0.24001346867876805,
            "sh": {
                "L00": [
                    0.002883745590224862,
                    0.34281760454177856,
                    1.1786322593688965
                ],
                "L10": [
                    0.00010433508577989414,
                    -0.00089578254846856,
                    -0.0018771464237943292
                ],
                "L11": [
                    -0.00010142003884539008,
                    0.0007296038675121963,
                    0.006949795875698328
                ],
                "L1_1": [
                    -0.0008228179649449885,
                    0.017339743673801422,
                    0.06024118512868881
                ],
                "L20": [
                    -0.0006620546337217093,
                    0.010523485019803047,
                    0.03574925288558006
                ],
                "L21": [
                    0.0002669413515832275,
                    -0.0025120428763329983,
                    -0.00839587114751339
                ],
                "L22": [
                    -0.000579492945689708,
                    0.012987291440367699,
                    0.047591958194971085
                ],
                "L2_1": [
                    0.0002248093660455197,
                    -0.0010107738198712468,
                    -0.0031300224363803864
                ],
                "L2_2": [
                    4.734631875180639e-05,
                    0.0001030808562063612,
                    -0.0030843610875308514
                ]
            }
        }
    ]
}
