{
    "proxy": "sphere-set",
    "spheres": [
        {
            "center": [
                0.0019453242421150208,
                0.2591229975223541,
                0.0051659466698765755
            ],
            "radius": 0.2345316609834729,
            "sh": {
                "L00": [
                    0.007731136400252581,
                    0.09594681859016418,
                    0.16757354140281677
                ],
                "L10": [
                    0.0001188370370073244,
                    0.0009425335447303951,
                    0.001642815419472754
                ],
                "L11": [
                    0.00020194135140627623,
                    0.002128726104274392,
                    0.003761171130463481
                ],
                "L1_1": [
                    0.0012225147802382708,
                    -0.0022260744590312243,
                    -0.004907818045467138
                ],
                "L20": [
                    -0.0008938966784626245,
                    0.002010707976296544,
                    0.004144311882555485
                ],
                "L21": [
                    -0.000615457771345973,
                    -0.0006408189656212926,
                    -0.0010494134621694684
                ],
                "L22": [
                    -0.0006291695171967149,
                    0.00196583173237741,
                    0.004436975345015526
                ],
                "L2_1": [
                    -0.00018700351938605309,
                    0.0022184213157743216,
                    0.003922063857316971
                ],
                "L2_2": [
                    -6.437177944462746e-05,
                    9.571961709298193e-05,
                    0.0002547348849475384
                ]
            }
        },
        {
            "center": [
                -8.062838929845384e-08,
                0.4236334443092346,
                -2.7738578101121902e-09
            ],
            "radius": 0.2400852783198797,
            "sh": {
                "L00": [
                    0.010870576836168766,
                    0.08866314589977264,
                    0.1518845409154892
                ],
                "L10": [
                    -0.00020314064749982208,
                    -0.0001339246955467388,
                    -7.180524698924273e-05
                ],
                "L11": [
                    0.0003825465973932296,
                    0.0015908507630228996,
                    0.002729835920035839
                ],
                "L1_1": [
                    0.005748283583670855,
                    -0.013158170506358147,
                    -0.028089266270399094
                ],
                "L20": [
                    -0.001925631077028811,
                    0.00653488514944911,
                    0.013402360491454601
                ],
                "L21": [
                    -2.6227129637845792e-05,
                    -0.0007786935311742127,
                    -0.0014029808808118105
                ],
                "L22": [
                    -0.004034140612930059,
                    0.01085668709129095,
                    0.022671755403280258
                ],
                "L2_1": [
                    -0.00018130868556909263,
                    0.0008740350604057312,
                    0.0018158269813284278
                ],
                "L2_2": [
                    -6.618130282731727e-05,
                    -0.0002484127471689135,
                    -0.00046633087913505733
                ]
            }
        },
        {
            "center": [
                -0.0032638907432556152,
                0.6359308362007141,
                -0.01948016881942749
            ],
            "radius": 0.219590445576328,
            "sh": {
                "L00": [
                    0.010963217355310917,
                    0.08774468302726746,
                    0.15024180710315704
                ],
                "L10": [
                    0.0007752281380817294,
                    -0.00016858300659805536,
                    -0.0008266102522611618
                ],
                "L11": [
                    0.0006047581555321813,
                    0.0014695825520902872,
                    0.0024121275637298822
                ],
                "L1_1": [
                    0.005831551272422075,
                    -0.014341980218887329,
                    -0.030157333239912987
                ],
                "L20": [
                    -0.0018466197652742267,
                    0.006886936258524656,
                    0.013987535610795021
                ],
                "L21": [
                    -0.00012613818398676813,
                    -0.0010612194892019033,
                    -0.0018279488431289792
                ],
                "L22": [
                    -0.0036046539898961782,
                    0.01154816709458828,
                    0.023661982268095016
                ],
                "L2_1": [
                    0.001177082653157413,
                    0.0004381063627079129,
                    -5.147114643477835e-05
                ],
                "L2_2": [
                    0.0002828461874742061,
                    -0.0003706101269926876,
                    -0.0008394924225285649
                ]
            }
        }
    ]
}
