{
    "proxy": "sphere-set",
    "spheres": [
        {
            "center": [
                -0.0006163044017739594,
                0.28296616673469543,
                0.0007478654733859003
            ],
            "radius": 0.23904519110636535,
            "sh": {
                "L00": [
                    0.007660104893147945,
                    0.09609134495258331,
                    0.16780008375644684
                ],
                "L10": [
                    0.0002420039236312732,
                    0.0009905867045745254,
                    0.0017129664774984121
                ],
                "L11": [
                    0.0002587868948467076,
                    0.00271502323448658,
                    0.00475313188508153
                ],
                "L1_1": [
                    0.001197590259835124,
                    -0.004917382262647152,
                    -0.009717581793665886
                ],
                "L20": [
                    -0.0012519084848463535,
                    0.0003302510012872517,
                    0.0012755212374031544
                ],
                "L21": [
                    -0.00025027524679899216,
                    -0.0011478048982098699,
                    -0.002007649280130863
                ],
                "L22": [
                    -0.0006846182513982058,
                    0.004498096648603678,
                    0.008941669017076492
                ],
                "L2_1": [
                    -0.00022706050367560238,
                    -0.00192155537661165,
                    -0.0033257242757827044
                ],
                "L2_2": [
                    4.3330725020496175e-05,
                    -0.0013357321731746197,
                    -0.002344842068850994
                ]
            }
        },
        {
            "center": [
                -5.740916719787492e-08,
                0.5999767184257507,
                -1.727979537236024e-08
            ],
            "radius": 0.2400135435758326,
            "sh": {
                "L00": [
                    0.010371733456850052,
                    0.0901874452829361,
                    0.15513911843299866
                ],
                "L10": [
                    -0.00015620329941157252,
                    0.0008737186435610056,
                    0.0017105318838730454
                ],
                "L11": [
                    0.00039845178253017366,
                    0.003092813538387418,
                    0.0053663188591599464
                ],
                "L1_1": [
                    0.004963853396475315,
                    -0.013014397583901882,
                    -0.0271195936948061
                ],
                "L20": [
                    -0.002072222763672471,
                    0.005217819940298796,
                    0.011071654036641121
                ],
                "L21": [
                    -1.76455268956488e-05,
                    0.0002920762053690851,
                    0.00048200934543274343
                ],
                "L22": [
                    -0.0034041067119687796,
                    0.011367478407919407,
                    0.023075779899954796
                ],
                "L2_1": [
                    -0.0005650903331115842,
                    -0.0035150942858308554,
                    -0.005858435295522213
                ],
                "L2_2": [
                    -4.4524997065309435e-05,
                    -0.0006773361237719655,
                    -0.0012494546826928854
                ]
            }
        }
    ]
}
