{
    "proxy": "sphere-set",
    "spheres": [
        {
            "center": [
                -5.562299065786647e-08,
                0.2922861576080322,
                5.09720550212478e-08
            ],
            "radius": 0.2736964633511132,
            "sh": {
                "L00": [
                    2.0755107402801514,
                    1.08610200881958,
                    0.03652528300881386
                ],
                "L10": [
                    0.005523094907402992,
                    0.0006124007632024586,
                    0.0011693316046148539
                ],
                "L11": [
                    -0.0224409569054842,
                    -0.004575412254780531,
                    0.0005593564128503203
                ],
                "L1_1": [
                    0.013084158301353455,
                    0.0016751036746427417,
                    0.00017671572277322412
                ],
                "L20": [
                    0.007943207398056984,
                    0.016197312623262405,
                    0.0035024285316467285
                ],
                "L21": [
                    -0.03239569067955017,
                    -0.009598339907824993,
                    0.0010536586632952094
                ],
                "L22": [
                    0.1142919585108757,
                    0.05606622248888016,
                    -0.0003229866561014205
                ],
                "L2_1": [
                    0.019123762845993042,
                    0.010351276956498623,
                    0.0007103499956429005
                ],
                "L2_2": [
                    -0.031782664358615875,
                    -0.01644921861588955,
                    0.0016671622870489955
                ]
            }
        },
        {
            "center": [
                -6.340381446534593e-07,
                0.5856696367263794,
                -8.566125302422734e-07
            ],
            "radius": 0.2736953934562143,
            "sh": {
                "L00": [
                    2.047429323196411,
                    1.0653438568115234,
                    0.03530072793364525
                ],
                "L10": [
                    -0.01319454051554203,
                    -0.007133686449378729,
                    0.0007186066941358149
                ],
                "L11": [
                    0.03431371599435806,
                    0.0166590828448534,
                    -0.0020024627447128296
                ],
                "L1_1": [
                    0.12748220562934875,
                    0.059427253901958466,
                    0.0001369807869195938
                ],
                "L20": [
                    0.004069186747074127,
                    0.016073931008577347,
                    0.0018179485341534019
                ],
                "L21": [
                    -0.06730743497610092,
                    -0.03241495415568352,
                    -0.00018437746621202677
                ],
                "L22": [
                    0.0933997631072998,
                    0.047977007925510406,
                    -0.00045751285506412387
                ],
                "L2_1": [
                    0.006283418275415897,
                    0.002678751712664962,
                    0.0034322752617299557
                ],
                "L2_2": [
                    -0.02074403129518032,
                    -0.008005124516785145,
                    0.00040645786793902516
                ]
            }
        }
    ]
}
